Date,Active time,Distance,Keystrokes,Left clicks,Right clicks,Middle clicks,Double clicks,Wheel turn,Idle time
2020-04-07 23:32:52,47857,104303,20590,3284,4758,15,2241,6683,28640
2020-04-08 00:18:32,50597,105394,20590,3363,4758,15,2248,6683,28653
2020-04-09 00:00:12,53669,66326,8535,2127,17,5,156,4854,0
2020-04-09 01:34:37,59334,70974,9293,2314,17,5,167,5078,48358
2020-04-10 14:05:30,8289,131607,3935,3160,3849,1,1886,264,37467
2020-04-11 15:32:19,8289,131607,3935,3160,3849,1,1886,264,112549
2020-04-12 00:00:40,28795,86629,999,322,0,1,23,1090,15184
2020-04-13 08:50:57,69964,205242,5235,3261,3165,2,1728,2865,40297
2020-04-13 20:00:19,39548,72286,9008,2673,19,3,180,9439,26485
2020-04-16 19:53:07,39179,82416,19815,3212,37,1,376,13430,20785
2020-04-17 11:16:56,94609,117638,30029,4277,60,4,454,16733,65881
2020-04-18 11:17:26,52068,103423,33598,3471,5342,3,2712,7708,60692
2020-04-19 11:34:18,87405,125620,16501,2404,6105,9,2788,3802,65951
2020-04-20 08:58:00,129166,256743,28802,5350,14167,14,6469,10552,86035
2020-04-20 21:11:19,43992,100913,17454,3465,14,2,374,13803,19226
2020-04-21 18:02:39,119072,183655,38542,6465,41,5,630,24357,72720
2020-04-21 22:51:18,17305,38528,9805,797,12,4,47,1938,5793
2020-04-22 18:40:05,34605,70018,14765,2312,22,2,186,10222,13475
2020-04-23 19:51:16,38639,67398,13367,2315,25,6,307,8385,20794
2020-04-23 23:49:11,14269,43228,117,105,1,0,5,761,6198
2020-04-26 04:13:35,59339,180493,16972,2665,16831,7,7365,5068,34108
2020-04-27 11:36:58,141201,307198,22095,5260,17503,12,7827,8054,100241
2020-04-29 09:36:48,164742,173813,32660,6168,41,21,603,21236,114636
2020-04-29 18:05:49,30519,68632,10131,2562,15,8,216,8526,11581
2020-04-29 23:22:41,19007,65729,3018,1919,1015,1,623,891,12924
2020-05-01 19:37:22,66298,172709,15987,3192,24,7,215,7099,87968
2020-05-04 09:01:59,125782,443186,15764,7450,5774,2,2527,5661,166995
2020-05-05 15:16:24,108860,178567,28378,5431,507,8,526,18420,66899
2020-05-06 00:00:25,140300,231493,39928,7081,511,9,655,24848,82085
2020-05-06 22:33:36,48931,90833,15677,3555,7,7,336,10105,29323
2020-05-07 08:40:20,48950,90997,15677,3560,8,7,336,10105,65600
2020-05-08 08:54:30,86978,79520,13395,2812,15,7,233,11002,65083
2020-05-08 22:22:18,135446,181804,26109,5745,31,10,450,21752,86717
2020-05-09 00:00:31,5885,6938,600,85,0,0,4,97,4168
2020-05-09 13:22:19,15325,102203,4784,1854,1486,4,589,1841,44559
2020-05-10 00:00:38,38292,218800,7322,5898,1953,3,1589,3233,16548
2020-05-11 08:53:46,46345,127705,6240,2496,1228,0,675,2170,63432
2020-05-12 00:08:39,54599,108849,17972,3751,26,2,345,11072,25970
2020-05-13 09:05:17,120513,174116,28023,5997,32,3,527,22165,74254
2020-05-14 01:46:31,59854,136211,18474,4234,29,3,539,15801,29854
2020-05-15 00:00:02,139775,362360,48687,9934,5120,5,3242,28387,65433
2020-05-16 00:21:31,196733,446250,63723,12503,5152,13,3417,40175,127581
2020-05-17 00:00:05,281793,550418,65307,13795,5934,13,3774,41841,199093
2020-05-18 00:12:30,16764,113993,6401,2146,1621,0,659,925,8367
2020-05-18 21:51:31,80845,193197,31712,5000,1638,1,844,10282,46907
2020-05-19 00:00:32,88586,215065,34934,5330,1641,1,878,10571,49484
2020-05-20 02:56:31,145767,303682,43273,7813,1653,4,1062,20525,93263
2020-05-21 08:59:15,253854,411394,56350,11590,1665,4,1282,32893,156897
2020-05-22 01:58:32,315011,553625,73087,15564,5754,4,3578,41847,176386
2020-05-23 20:16:54,374987,636253,84795,18509,5806,4,3770,50462,228794
2020-05-24 00:00:54,388426,685026,85348,18509,5806,4,3770,50462,236166
2020-05-25 09:44:25,471986,1063437,103386,18509,5806,4,3770,50462,326961
2020-05-25 20:19:25,37505,110071,7400,1108,3,4,70,4486,13538
2020-05-26 08:04:16,48080,120902,8431,1194,3,4,72,5011,21704
2020-05-27 07:58:51,134154,276892,27906,5857,1169,8,884,15258,77018
2020-05-28 00:00:50,191873,406010,44355,8541,1188,11,1103,26318,101990
2020-05-29 09:28:31,312335,483872,54759,10832,1201,11,1308,35289,202522
2020-05-30 00:00:31,364655,649607,67199,14289,2287,22,2116,47078,226978
2020-05-31 16:00:57,401021,801037,82848,17937,13581,26,7210,52811,311261
2020-06-01 08:00:06,424636,933495,90300,20730,19114,29,9694,55695,355228
2020-06-02 00:00:30,54794,160547,14492,4360,1222,15,701,9338,27603
2020-06-03 00:01:32,141256,242799,27609,7404,1258,18,854,18337,88183
2020-06-04 08:00:45,256409,391583,45069,11234,2440,28,1392,26582,181273
2020-06-05 08:07:32,343216,491159,54548,14858,2482,28,1800,36689,243738
2020-06-06 00:00:32,400396,606608,68025,18100,2500,30,2137,49185,273709
2020-06-07 09:24:08,454311,754058,79327,19900,11699,30,5970,50315,306870
2020-06-08 08:25:49,503816,756992,83369,19980,11700,30,5974,50445,388331
2020-06-09 08:50:12,85175,143463,15761,3692,50,4,410,13726,50807
2020-06-10 00:00:31,139794,319536,31457,8238,825,8,1027,29490,71728
2020-06-11 00:00:37,226200,406826,51562,11392,858,9,1342,42454,133577
2020-06-12 08:49:54,344277,529314,70779,15143,1465,11,1818,54842,206311
2020-06-13 00:00:40,398923,703286,93083,19901,2841,12,2507,68004,228560
2020-06-14 00:00:43,454902,811355,99371,21668,3823,12,2862,70112,272215
2020-06-15 00:13:27,456990,811700,99378,21682,3823,12,2862,70114,274252
2020-06-16 08:45:47,574130,1087143,107461,25757,6506,14,4008,75191,312680
2020-06-16 19:06:55,611397,1163181,123244,28662,6525,18,4300,85870,381452
2020-06-17 00:20:31,18812,36594,861,183,0,0,15,614,6569
2020-06-17 09:07:11,50130,38184,964,217,0,0,15,660,41807
2020-06-18 08:31:27,134385,146598,14455,2855,5,6,127,9935,97923
2020-06-19 00:00:45,190143,280887,38233,7629,130,12,482,24830,118805
2020-06-20 17:16:55,257417,414517,53302,11431,289,14,796,34104,242647
2020-06-21 00:09:30,282171,448005,54408,11568,291,14,805,34463,246030
2020-06-22 08:37:33,399054,450471,54490,11626,291,15,807,35045,377864
2020-06-23 00:00:32,454433,618817,73199,15896,4836,17,3077,47528,399777
2020-06-24 00:00:31,540832,705000,88973,19001,4845,21,3298,58241,463562
2020-06-25 08:55:43,659344,876194,112001,23597,5958,25,4046,69868,553400
2020-06-26 00:00:05,713606,982391,139709,28616,6007,29,4659,79092,570425
2020-06-27 12:21:40,796113,1152368,163901,34083,7027,31,5322,89233,622813
2020-06-28 18:51:06,801689,1172354,164162,35043,7047,31,5473,89392,625262
2020-06-29 09:01:42,36473,0,0,0,0,0,0,0,634722
2020-06-30 09:03:06,122957,0,0,0,0,0,0,0,634722
2020-07-01 08:56:25,208956,0,0,0,0,0,0,0,634722
2020-07-02 08:36:45,816210,1187249,167480,35460,7047,31,5495,90963,632797
2020-07-03 00:00:45,871649,1187249,167480,35460,7047,31,5495,90963,632797
2020-07-04 21:49:55,0,58,0,0,0,0,0,0,0
2020-07-05 00:00:56,7860,58,0,0,0,0,0,0,0
2020-07-06 08:46:48,125812,58,0,0,0,0,0,0,0
2020-07-08 08:46:01,125812,58,0,0,0,0,0,0,35324
2020-07-09 00:00:02,180653,58,0,0,0,0,0,0,35324
2020-07-11 13:18:29,180653,58,0,0,0,0,0,0,0
2020-07-12 00:00:27,219171,58,0,0,0,0,0,0,0
2020-07-13 08:46:31,219171,58,0,0,0,0,0,0,49603
2020-07-14 09:05:02,219171,58,0,0,0,0,0,0,0
2020-07-15 08:48:32,219171,58,0,0,0,0,0,0,0
2020-07-15 10:50:02,219171,58,0,0,0,0,0,0,0
2020-07-16 00:37:22,219171,58,0,0,0,0,0,0,0
2020-07-17 22:32:28,219171,58,0,0,0,0,0,0,0
2020-07-18 00:00:28,224450,58,0,0,0,0,0,0,0
2020-07-19 00:00:11,233329,58,0,0,0,0,0,0,0
2020-07-20 09:00:19,233329,58,0,0,0,0,0,0,38210
2020-07-21 09:00:39,233329,58,0,0,0,0,0,0,36101
2020-07-24 08:15:04,233329,58,0,0,0,0,0,0,0
2020-07-25 11:57:19,233329,58,0,0,0,0,0,0,0
2020-07-26 22:09:41,233329,58,0,0,0,0,0,0,93573
2020-07-27 07:47:38,233329,117,0,0,0,0,0,0,0
2020-07-30 07:52:08,233329,117,0,0,0,0,0,0,0
2020-08-01 10:25:47,233329,117,0,0,0,0,0,0,0
2020-08-02 09:49:41,277243,61574,3735,1700,325,3,262,3193,34552
2020-08-03 08:09:16,284615,79504,4209,2089,325,22,277,3980,77225
2020-08-04 00:00:17,341676,178245,17760,5449,355,23,675,12241,114257
2020-08-05 09:44:25,426826,269511,27601,8517,401,25,901,22861,176697
2020-08-06 08:02:58,507138,362824,42187,12412,457,26,1301,30242,207549
2020-08-07 00:09:32,565132,477291,55799,15999,492,32,1608,39087,266229
2020-08-08 00:00:34,650994,696062,75443,22228,4622,34,3846,53907,317144
2020-08-09 11:02:16,665458,705116,75756,22351,4943,34,3981,53908,394386
2020-08-09 15:01:35,679617,719826,78982,22923,4943,35,4004,55755,403311
2020-08-10 00:12:32,712673,853593,82360,25525,6790,35,4811,56229,427156
2020-08-11 07:53:39,826741,978928,102937,29590,6809,39,5000,67274,511598
2020-08-12 08:08:09,914010,1106543,109349,33074,6863,47,5301,78012,572759
2020-08-13 01:49:31,977693,1212383,123675,36614,6891,49,5640,89526,604289
2020-08-14 00:00:06,1057422,1303051,136929,40150,6923,52,5967,99191,659958
2020-08-15 00:00:35,1143852,1478929,153669,43850,6976,52,6259,108474,709285
2020-08-16 00:00:31,1190621,1615219,157837,45967,7981,58,6780,111608,738716
2020-08-18 08:04:54,1257872,1707478,160326,46840,7985,67,6818,116014,920931
2020-08-19 01:56:31,1322168,1778318,174624,49024,8017,71,6990,123529,966378
2020-08-20 08:01:19,1430456,1906594,194518,52902,8080,76,7313,130815,1044689
2020-08-21 00:00:18,1487995,2014827,206915,55775,8090,81,7491,137423,1076272
2020-08-22 11:56:14,1566911,2097093,216238,58461,8137,83,7806,145898,1186561
2020-08-23 01:38:33,1616250,2122886,216497,58720,8137,83,7811,146452,1204324
2020-08-24 00:00:42,1631297,2156280,219026,59758,8139,91,7883,150270,1237989
2020-08-25 00:17:33,1718708,2237736,233270,62673,8166,102,8165,162375,1299414
2020-08-26 00:34:33,1806128,2327530,239102,65657,8214,103,8560,172742,1355949
2020-08-27 00:58:33,1893968,2397693,243797,67534,8244,104,8793,177405,1443223
2020-08-28 00:41:58,1979373,2516346,251220,72074,8965,106,9695,186338,1492004
2020-08-29 03:03:46,2044501,2587625,260783,75214,9003,108,10162,193142,1559777
2020-08-30 00:00:27,2060186,2600077,262171,77496,9509,108,10520,193949,1603771
2020-08-31 00:00:41,2103466,2615918,263462,78755,9737,111,10679,196255,1641670
2020-09-01 00:00:29,2158335,2705546,278548,82854,10110,114,11145,209020,1704360
2020-09-02 00:34:31,2246777,2806405,288475,86460,10394,117,11478,218380,1767635
2020-09-03 00:00:31,2331137,2922964,295125,90207,10893,119,11896,224953,1826283
2020-09-05 11:12:56,2406789,2986518,296607,91971,11548,122,12201,227164,1893547
2020-09-06 11:26:09,2439018,3066495,300423,92676,11561,125,12274,228342,1911751
2020-09-07 00:00:09,2484257,3259355,319228,97487,13753,137,13194,233015,1937496
2020-09-08 01:02:32,2548476,3396842,328809,102537,14263,148,13850,244283,2000313
2020-09-09 09:05:04,2621701,3505601,336632,105999,14272,155,14189,252526,2044671
2020-09-10 00:00:05,2675401,3611909,348582,109113,14287,160,14473,261673,2070796
2020-09-11 01:52:30,2768547,3704151,361506,113007,14307,162,14901,273536,2115972
2020-09-12 10:54:20,2835590,3809978,371312,116967,14354,169,15297,284181,2182517
2020-09-13 00:00:31,2882760,3964656,377368,119455,16230,169,15963,286059,2219347
2020-09-14 08:34:44,2952713,4041416,379988,120423,16238,172,16048,287864,2275274
2020-09-15 08:52:05,3040153,4120476,390401,123324,16262,174,16276,296708,2343034
2020-09-16 00:29:31,3096400,4238858,401665,127941,16380,178,16778,310863,2374001
2020-09-17 00:00:11,3181040,4400693,416795,133506,17425,183,17893,322592,2434331
2020-09-18 00:00:41,3267469,4489090,432320,137156,17460,188,18269,333938,2496140
2020-09-19 00:00:54,3353883,4569893,436447,139039,17472,188,18438,341105,2564455
2020-09-20 10:13:54,3397348,4662870,440362,141617,18617,190,19193,343269,2645344
2020-09-21 08:08:22,3422412,4761675,442529,142557,18622,201,19272,345929,2707862
2020-09-22 00:42:31,3482060,4851993,454499,146100,18646,209,19508,357664,2740679
2020-09-23 08:36:47,3596916,4907142,469194,148414,18651,211,19719,364355,2789558
2020-09-24 00:00:48,3652357,4996544,480236,152037,18698,217,20129,374998,2873564
2020-09-25 00:10:32,3739341,5076309,490978,154524,18723,223,20343,381308,2935474
2020-09-25 08:32:23,3768981,5076309,490978,154524,18723,223,20343,381308,2935474
2020-09-26 00:00:23,3824661,5248436,504215,159659,19821,223,21241,393595,2967172
2020-09-27 00:00:57,3878933,5520289,512245,164117,21152,232,22137,402090,3020187
2020-09-28 08:39:05,3889095,5525068,512453,164303,21152,232,22152,402284,3029599
2020-09-29 00:00:30,3944379,5624109,522192,168621,21619,233,22570,412155,3057861
2020-09-30 00:28:31,4032461,5720447,536440,171413,21658,236,22864,421153,3117197
2020-09-30 19:19:48,4093901,5808414,548966,174191,21735,267,23077,430113,3161373
2020-10-01 00:30:32,4112545,5819146,551278,174540,21738,267,23092,431410,3176787
2020-10-02 02:05:32,4204644,5919989,565580,180431,22655,269,23793,441682,3241992
2020-10-03 00:00:36,4283549,6010176,576133,185340,23235,273,24444,450347,3296042
2020-10-04 21:11:06,4369825,6068902,578948,188337,23963,274,24926,451539,3366633
2020-10-05 08:01:37,4378025,6209666,583005,192407,26208,274,26585,451846,3399007
2020-10-06 00:07:33,4435980,6342817,593826,195065,26227,275,26779,459622,3427866
2020-10-07 00:36:33,4524120,6414491,609423,199590,27042,282,27320,467637,3492220
2020-10-07 18:27:50,4588047,6485766,618646,201714,27075,283,27505,473277,3536702
2020-10-08 00:50:31,4611007,6486862,618661,201757,27078,283,27512,473340,3559482
2020-10-09 07:27:18,4721214,6546737,628683,203760,27106,288,27660,478729,3644150
2020-10-10 00:00:18,4780794,6679620,640970,208285,27198,288,28077,491228,3679495
2020-10-10 22:15:44,4846082,6686144,642668,210140,27700,288,28428,491805,3730392
2020-10-11 00:00:44,4852382,6710779,642940,210656,27700,288,28474,492559,3732531
2020-10-12 00:00:35,4938773,6800042,643662,211099,27701,288,28510,493353,3803274
2020-10-13 08:14:38,4988384,6890395,644296,212418,27711,295,28598,496688,3872942
2020-10-13 09:20:44,4992103,6896369,644960,212643,27723,295,28610,497284,3875013
2020-10-14 00:47:32,5047711,6969530,659873,215294,27758,301,28808,506514,3912673
2020-10-15 00:00:33,5131292,7029164,671447,217080,27779,305,28917,512058,3979580
2020-10-16 00:15:33,5218591,7109872,680144,219297,27797,306,29083,519918,4049717
2020-10-17 12:39:36,5303184,7237377,690811,222169,27853,309,29322,527922,4105066
2020-10-18 00:00:53,5344060,7259339,691384,222259,27853,309,29325,528075,4141543
2020-10-21 09:00:34,5383122,7259352,691384,222259,27853,309,29325,528075,4213787
2020-10-22 00:00:30,5437117,7343579,705392,225455,27892,310,29630,536986,4249360
2020-10-23 00:07:32,5523939,7463041,714740,228440,27917,328,29900,545935,4311708
2020-10-24 00:00:32,5609919,7561036,725205,231623,27970,333,30126,556496,4379200
2020-10-25 20:32:51,5621493,7561627,725211,231634,27970,333,30126,556496,4412840
2020-10-26 08:46:09,5631182,7622926,729133,232514,28008,334,30444,557336,4416950
2020-10-27 06:51:53,5710726,7689080,736399,234310,28013,339,30564,566638,4480053
2020-10-28 08:02:20,5801353,7805716,753397,237189,28050,344,30763,574621,4514228
2020-10-29 00:00:22,5858835,7911593,763176,240815,28077,347,31018,587661,4580288
2020-10-30 00:00:24,5945236,7993023,772055,243266,28089,348,31199,596248,4648224
2020-10-31 00:00:33,6031574,8219416,787758,248223,30504,354,32491,604052,4706458
2020-11-01 00:00:51,6092122,8386774,804698,251757,39752,366,36712,609472,4746780
2020-11-07 09:59:08,6140094,8461790,811608,253368,40664,368,37231,610816,4818064
2020-11-08 00:00:08,6190554,8576297,816755,255311,40713,377,37743,614813,4850864
2020-11-09 00:00:14,6276959,8623454,817727,255763,40714,379,37773,616870,4927090
2020-11-10 07:36:32,6365868,8767041,838018,259083,40727,385,37970,629515,4985186
2020-11-11 00:00:32,6424909,8884689,851811,263532,40818,386,38334,644393,5017587
2020-11-12 00:00:32,6511309,8984866,862481,266475,40838,389,38561,654242,5082809
2020-11-13 00:00:49,6597617,9063249,870225,270009,41789,390,39386,661463,5151282
2020-11-14 00:00:50,6684019,9143481,880953,273582,42408,391,39948,667981,5218921
2020-11-15 11:59:10,6787993,9206098,886365,273893,42413,391,39980,668586,5335061
2020-11-16 08:25:03,6808442,9263943,890890,274531,45512,391,41278,668996,5369398
2020-11-17 00:00:05,6864543,9387190,910659,278362,45523,396,41542,681399,5399063
2020-11-18 00:00:08,6950946,9444270,922958,280321,45536,397,41667,685780,5469382
2020-11-19 08:46:42,7068867,9520147,935090,282938,45557,403,41860,693608,5568647
2020-11-20 00:00:01,7123666,9547979,944396,283815,45567,405,41905,697512,5614636
2020-11-21 11:04:40,7249945,9614809,954700,285686,45570,408,41996,703096,5724869
2020-11-22 00:00:42,7296507,9649651,956613,286879,45574,411,42159,705263,5764568
2020-11-24 08:55:26,7298655,9650440,956619,286899,45574,411,42162,705301,5766388
2020-11-25 00:00:51,7352979,9715459,961268,288790,45586,416,42294,711245,5782231
2020-11-25 15:27:57,7406020,9742752,963603,289644,45586,419,42343,715083,5828453
2020-11-26 09:04:09,7469392,9799242,967247,290669,45595,422,42406,717482,5845791
2020-11-27 09:07:30,7555992,9896998,980330,293457,45614,427,42600,729128,5944837
2020-11-28 11:10:18,7649760,9964331,990322,295490,45627,429,42751,736002,6022746
2020-11-29 14:18:22,7747444,9981034,990819,295490,45627,429,42751,736002,6036323
2020-11-30 08:59:38,7814720,10008257,993392,295490,45627,429,42751,736002,6178576
2020-12-01 00:00:24,7868538,10089294,999199,296835,45637,439,42850,741049,6199000
2020-12-07 21:57:18,7933086,10152472,1005979,298591,45653,442,42948,745263,6405841
2020-12-08 09:22:08,7974176,10157119,1007617,298707,45653,442,42955,745591,6445588
2020-12-09 08:35:36,8057784,10205956,1008305,299290,45654,446,43030,747122,6483327
2020-12-10 09:20:53,8097446,10258613,1014010,301023,45665,447,43126,752853,6542063
2020-12-11 00:00:42,8150132,10319118,1024684,302891,45680,448,43244,759019,6565732
2020-12-12 02:57:09,8247119,10389397,1033042,305257,45699,449,43430,765136,6617297
2020-12-13 00:00:51,8322942,10466559,1037961,308983,45811,454,44104,770196,6705240
2020-12-15 08:19:40,8385131,10486850,1038131,309211,45855,454,44120,770742,6902596
2020-12-16 08:09:12,8470903,10548215,1046458,311274,45876,455,44221,778079,6937105
2020-12-17 08:47:31,8559602,10608504,1053967,313061,45900,463,44320,784010,6962799
2020-12-17 12:33:00,8572501,10648706,1057713,314540,45908,464,44393,787788,6967743
2020-12-18 09:00:56,8646177,10679502,1060377,315314,45909,467,44433,790016,7034471
2020-12-19 00:00:55,8700175,10764184,1070705,317741,45926,472,44546,796443,7067080
2020-12-20 00:00:58,8786579,10816389,1071123,317902,45926,474,44553,797095,7142384
2020-12-21 08:57:21,8905162,10828908,1071240,318308,45932,476,44578,797924,7257782
2020-12-22 08:53:57,8991358,10917000,1081446,321403,45942,497,44779,805767,7287155
2020-12-23 10:31:05,9083585,11002044,1090761,324839,45946,504,45125,814152,7356574
2020-12-24 00:00:07,9132127,11041394,1095340,326018,45950,514,45190,818060,7431716
2020-12-25 14:19:54,9178284,11043351,1095398,326066,45950,514,45192,818221,7569177
2020-12-26 11:49:41,9255670,11113121,1097233,327229,46892,514,45596,819171,7642076
2020-12-27 18:18:43,9259169,11115734,1097307,327291,46892,514,45599,819445,7751298
2020-12-28 09:02:07,9312173,11136553,1098400,327815,46897,515,45641,821189,7765201
2020-12-29 06:55:13,9390959,11241831,1105620,329920,46906,518,45737,830516,7852292
2020-12-30 08:50:19,9484265,11309827,1119448,332216,46913,519,45919,837092,7925842
2020-12-31 00:00:49,9538824,11369904,1125748,334274,46925,520,45994,843300,7966511
2021-01-01 12:03:07,9607545,11443091,1126852,335513,47790,520,46415,843577,8089448
2021-01-02 12:20:33,9661208,11491786,1127538,336278,48287,520,46602,843982,8174119
2021-01-03 12:32:50,9748344,11552701,1131707,337919,48297,524,46735,846629,8251849
2021-01-04 00:00:50,9789625,11687079,1135484,339292,48306,530,46796,851006,8269786
2021-01-05 09:26:28,9909963,11703021,1136699,339622,48309,530,46806,853303,8386086
2021-01-06 00:00:29,9962403,11724636,1137427,340010,48312,530,46830,854110,8434542
2021-01-07 00:00:15,10010314,11776274,1137909,340820,48742,530,46978,854709,8517702
2021-01-08 00:00:22,10096721,11822953,1139400,341731,48747,530,47094,857217,8595038
2021-01-09 22:24:40,10228549,11830662,1139868,341970,48747,530,47097,858189,8724905
2021-01-10 09:27:34,10268323,11831383,1139872,341989,48747,530,47097,858298,8764412
2021-01-11 00:00:39,10320708,11897655,1140368,343090,48747,538,47167,860043,8804476
2021-01-13 10:59:39,10374656,11948397,1145958,344738,48756,539,47237,867399,8846112
2021-01-14 08:43:37,10452894,12045739,1155466,346892,48768,540,47377,872170,8904435
2021-01-14 11:26:43,10461953,12070077,1159058,347901,48802,540,47444,874377,8907049
2021-01-14 14:53:53,10474073,12090171,1160398,348655,48805,540,47498,877154,8912993
2021-01-15 00:00:53,10506892,12168580,1163237,350587,49433,541,47813,879859,8937746
2021-01-16 10:47:56,10578337,12237769,1171812,352766,49454,542,47952,885804,8967726
2021-01-17 20:54:16,10701117,12298393,1174133,353340,49457,545,47995,887059,9079040
2021-01-18 00:00:15,10712276,12330686,1174326,353514,49457,545,48013,887254,9084212
2021-01-19 07:40:44,10826305,12410746,1185972,356157,49474,548,48173,895961,9179070
2021-01-20 00:00:44,10885104,12493287,1196958,358109,49494,550,48277,900330,9218231
2021-01-21 00:00:07,10971468,12604713,1209251,361591,49666,556,48715,909559,9278637
2021-01-22 00:00:24,11057885,12699670,1218473,363490,49670,557,48803,915944,9342743
2021-01-23 00:12:42,11127035,12750800,1224815,364975,49673,559,48856,921067,9415793
2021-01-25 08:53:23,11264787,12822594,1228253,366329,50260,559,49162,923434,9449880
2021-01-26 00:00:26,11319209,12918523,1236647,368924,50287,562,49299,935129,9608147
2021-01-27 09:10:52,11438635,13019885,1247171,372930,50335,568,49789,947480,9703696
2021-01-28 08:05:17,11521100,13086228,1255784,374659,50346,569,49897,955821,9769868
2021-01-30 14:02:26,11715329,13151452,1262431,377165,50389,571,50136,964250,9790587
2021-01-31 17:00:15,11812398,13176131,1263135,377506,50398,571,50188,964993,10042732
2021-02-01 00:00:15,11837598,13260476,1268225,378472,50409,572,50297,966726,9964601
2021-02-02 08:45:33,11892450,13357672,1280761,381168,50433,573,50466,975254,10058990
2021-02-03 08:51:26,11901883,13374858,1283154,381729,50433,573,50484,976981,10063856
2021-02-04 00:00:28,11956424,13456866,1289363,384370,50464,577,50694,985978,10100566
2021-02-05 00:00:30,12042826,13583883,1306116,387398,50477,584,50922,993778,10160750
2021-02-05 12:43:40,12087755,13621261,1310511,388074,50507,584,50958,995861,10197150
2021-02-06 00:00:41,12128375,13660652,1317227,389398,50514,585,51030,999151,10228279
2021-02-07 20:17:30,12287784,13661344,1317227,389411,50514,585,51030,999151,10387645
2021-02-08 08:24:03,12298137,13667235,1317253,389520,50515,585,51035,999507,10396750
2021-02-09 00:00:04,12354298,13824912,1328354,391824,50525,590,51156,1004225,10422909
2021-02-10 00:00:36,12440730,13916866,1341627,394064,50529,590,51314,1009877,10488454
2021-02-11 00:00:44,12527138,14057296,1360324,398421,50636,593,51804,1021595,10546316
2021-02-12 08:45:02,12644995,14153500,1373502,400911,51088,593,52163,1028277,10646522
2021-02-13 09:49:18,12683266,14240355,1384688,404176,51106,593,52510,1036196,10666609
2021-02-16 11:39:21,12709239,14241946,1384692,404231,51106,593,52513,1036275,10932152
2021-02-17 09:09:22,12786541,14301459,1385354,404948,51109,593,52576,1040047,10998458
2021-02-18 00:00:23,12840002,14407511,1396683,408153,51146,593,52834,1049400,11029012
2021-02-19 08:20:19,12956397,14411232,1397715,408261,51146,593,52839,1049795,11144547
2021-02-23 10:58:50,13010334,14516510,1409255,410546,51172,595,53008,1054065,11174071
2021-02-24 08:59:26,13089570,14580573,1417752,411998,51194,595,53110,1057371,11187190
2021-02-27 05:34:23,13123315,14654890,1428483,414655,51228,600,53242,1065076,11204726
2021-02-28 01:11:53,13193964,14663084,1428648,415003,51230,602,53301,1065638,11273949
2021-03-01 08:39:45,13220125,14666621,1428793,415113,51230,602,53308,1065872,11299657
2021-03-02 08:26:31,13305730,14787368,1449696,420618,51278,607,53980,1074200,11327548
2021-03-03 09:01:22,13306132,14789911,1449928,420777,51287,607,54000,1074258,11327548
2021-03-04 09:12:59,13393228,14941681,1463206,423742,51304,610,54257,1080758,11348293
2021-03-05 09:02:41,13479011,15057280,1473998,426898,51332,610,54541,1087136,11399602
2021-03-08 09:09:16,13524113,15081706,1474754,428218,51341,612,54596,1089608,11489103
2021-03-09 00:00:20,13577577,15212002,1485921,431073,51365,619,54803,1099369,11518159
2021-03-10 09:23:28,13697764,15223602,1486286,431728,51369,619,54844,1100658,11635830
2021-03-11 02:42:24,13760100,15299889,1495637,434608,51399,621,55107,1108087,11657616
2021-03-12 03:44:49,13850245,15364266,1503924,435440,51400,622,55203,1109992,11760410
2021-03-13 00:00:02,13923158,15444994,1510509,438252,51426,624,55431,1115960,11816640
2021-03-14 00:00:03,14009560,15488362,1513705,439448,51436,624,55575,1118549,11892070
2021-03-15 00:00:57,14095897,15534767,1516828,441312,51547,625,55883,1123069,11955363
2021-03-16 00:00:42,14182282,15604270,1525404,445261,51565,625,56167,1130713,12024517
2021-03-17 00:00:11,14268651,15648000,1532695,447521,51603,625,56359,1133290,12068000
2021-03-18 00:00:13,14355053,15648000,1532695,447521,51603,625,56359,1133290,12154400
2021-03-19 00:00:43,14441483,15695716,1541278,449409,51621,627,56454,1137856,12229002
2021-03-20 00:00:45,14527884,15742661,1547107,451146,51631,627,56594,1141812,12305099
2021-03-22 09:01:33,14733132,15856391,1547780,451381,51631,627,56620,1142048,12492809
2021-03-23 00:00:34,14787073,16010602,1558318,453870,62219,627,61155,1144752,12527836
2021-03-24 00:00:05,14873445,16043563,1560534,454241,63463,627,61695,1145206,12609745
2021-03-25 00:00:25,14959865,16127265,1561549,454814,64755,627,62296,1145644,12684551
2021-03-26 00:00:40,15046279,16231879,1572013,457019,68140,627,63946,1151962,12751676
2021-03-27 09:10:04,15165643,16253854,1572458,457436,68146,627,63996,1152412,12818580
2021-03-28 10:59:26,15258606,16292406,1572738,457614,68146,627,64022,1152786,12872178
2021-03-29 00:00:28,15305468,16391071,1574341,458032,68146,629,64042,1153970,12983888
2021-03-30 00:00:31,15391871,16452346,1585328,460215,68151,632,64174,1160308,13055399
2021-03-30 17:05:09,15449821,16498654,1588394,461573,68178,633,64256,1163420,13104023
2021-04-05 08:59:34,15939085,16553709,1589912,462230,68182,637,64301,1165353,13584822
2021-04-05 15:18:10,15939689,16553708,1589912,462230,68182,637,64301,1165353,13116116
2021-04-05 21:09:50,15941008,16559439,1590693,462450,68185,637,64325,1165906,13116276
2021-04-06 00:00:50,15951268,16594791,1591618,462654,68187,637,64338,1166343,13120123
2021-04-07 09:49:07,16072964,16628385,1591803,462772,68187,637,64340,1167238,13191048
2021-04-08 10:00:27,16160044,16671192,1593943,463427,68194,639,64379,1170125,13314761
2021-04-09 00:34:39,16212496,16679455,1594598,463614,68194,639,64384,1171325,13325892
2021-04-10 00:00:42,16296859,16737951,1600180,464701,68200,639,64455,1174179,13437898
2021-04-11 12:22:48,16427785,16838966,1604198,465743,72762,639,66351,1175361,13555777
2021-04-12 10:12:47,16506384,16915737,1607656,466845,76999,639,68206,1176990,13585353
2021-04-13 12:51:59,16602336,17019895,1617919,469085,77048,639,68352,1182725,13646173
2021-04-14 10:05:24,16678741,17073072,1623811,470122,77056,639,68391,1185836,13763907
2021-04-15 08:51:29,16760706,17123348,1630009,471943,77067,640,68508,1190783,13782873
2021-04-15 15:19:55,16779426,17152234,1631804,472758,77075,640,68545,1194128,13844627
2021-04-15 16:34:39,16783265,17163501,1632363,473059,77075,640,68557,1195288,13846566
2021-04-16 00:00:40,16810026,17228622,1634174,474037,77076,640,68645,1197564,13862187
2021-04-17 12:21:18,16940864,17282968,1643817,475874,77129,640,68788,1204418,13928768
2021-04-19 08:45:12,17100697,17353101,1647119,476449,77136,640,68826,1205774,14003477
2021-04-20 00:00:12,17155598,17411257,1654145,478170,77150,640,68934,1209377,14172856
2021-04-21 00:00:41,17242027,17440104,1659484,479019,77153,643,68995,1212355,14251859
2021-04-22 13:14:41,17281932,17440158,1659484,479019,77153,643,68995,1212355,14291760
2021-04-23 09:08:58,17340230,17447570,1659740,479185,77153,643,69012,1212762,14301737
2021-04-24 17:08:39,17384866,17460019,1660822,479424,77153,643,69021,1213368,14391093
2021-04-25 22:05:53,17385172,17461295,1660822,479440,77154,643,69022,1213530,14495128
2021-04-26 08:39:38,17423196,17464328,1660907,479543,77154,643,69024,1213851,14532327
2021-04-27 07:51:17,17504122,17633522,1682639,485044,86533,647,73312,1225854,14555124
2021-04-28 08:01:00,17591105,17649135,1683825,485502,86533,647,73319,1226965,14666761
2021-04-29 08:28:22,17679147,17705831,1690495,487326,86561,647,73443,1233824,14743462
2021-04-30 11:38:43,17776968,17747438,1693620,488176,86565,664,73522,1237984,14834736
2021-05-01 00:00:44,17821490,17780732,1698361,488931,86577,664,73586,1240108,14871846
2021-05-13 21:26:28,17824472,17780893,1698361,488934,86577,664,73586,1240108,14874941
2021-05-14 00:07:27,17834131,17780893,1698361,488934,86577,664,73586,1240108,14884599
2021-05-15 00:00:02,17920086,17903020,1703558,491156,86613,668,73706,1248198,14949499
2021-05-16 01:02:41,17925343,17911022,1703743,491260,86616,668,73709,1248262,15038299
2021-05-16 13:17:09,17964224,17932776,1705683,491669,86637,668,73812,1248886,15073552
2021-05-17 08:46:42,18034397,17984679,1707424,492020,86638,671,73833,1250150,15131646
2021-05-18 00:00:44,18089239,18083542,1721128,495600,86700,675,74158,1261037,15162313
2021-05-19 00:00:32,18164566,18130656,1731180,497274,86703,677,74300,1265904,15235916
2021-05-20 08:31:39,18281633,18198391,1740693,499179,86718,689,74441,1274180,15303638
2021-05-21 09:37:05,18371959,18262579,1749105,501507,86754,690,74592,1282018,15413898
2021-05-22 00:00:05,18423739,18275043,1749372,501722,86758,694,74609,1282666,15463709
2021-05-23 00:00:02,18510137,18330918,1749547,501857,86761,697,74615,1283172,15542235
2021-05-24 14:25:26,18567385,18361406,1749907,502117,86761,706,74623,1285022,15674866
2021-05-25 09:50:59,18637317,18366844,1750072,502229,86761,707,74629,1285828,15743771
2021-05-26 08:23:58,18718497,18443204,1750185,502601,86761,707,74665,1286783,15812385
2021-05-27 00:00:59,18774718,18521688,1759357,505446,86782,715,74873,1296381,15850195
2021-05-28 06:30:32,18884490,18537513,1759674,505781,86782,715,74885,1297157,15958104
2021-05-29 20:30:54,18923160,18564102,1768436,506602,86794,717,74944,1299260,16087543
2021-05-30 08:06:20,18964886,18600538,1772052,507448,86827,719,75210,1300639,16122963
2021-05-31 00:00:30,19022136,18665883,1776466,508427,86833,725,75292,1305990,16164991
2021-06-01 09:19:49,19142094,18749312,1785309,511478,86888,736,75493,1315149,16231852
2021-06-02 00:00:48,19194954,18792897,1787301,512913,86900,738,75582,1319354,16308431
2021-06-03 19:07:01,19350126,18815250,1788280,513410,86901,740,75608,1321440,16459453
2021-06-04 00:00:00,19367706,18831638,1789951,513812,86902,745,75630,1322455,16473556
2021-06-05 00:00:44,19454150,18870164,1792499,514476,86911,746,75672,1323874,16553155
2021-06-05 19:28:37,19524136,18903292,1796100,514920,86912,747,75698,1326131,16616955
2021-06-06 00:00:37,19540456,18928415,1796356,515076,86913,747,75711,1326547,16628665
2021-06-07 09:02:13,19659352,18981495,1798025,515523,86913,754,75736,1332229,16742726
2021-06-08 00:00:14,19713232,19063016,1807231,518181,86928,754,75947,1341155,16777616
2021-06-14 08:38:59,19775491,19128661,1818142,520303,86977,760,76091,1348255,16824394
2021-06-15 00:00:59,19830810,19198292,1825452,522371,86990,763,76215,1356414,16864905
2021-06-16 00:00:32,19916998,19258373,1833196,524577,87017,765,76364,1363309,16925491
2021-06-16 09:15:43,19916998,19258373,1833196,524577,87017,765,76364,1363309,16925384
2021-06-17 00:00:37,19970092,19349917,1845251,528402,87033,767,76743,1376875,16956165
2021-06-20 22:03:51,20027767,19387509,1850043,529605,87038,772,76800,1379225,17286261
2021-06-21 00:00:51,20034786,19388339,1850069,529621,87038,773,76800,1379225,17293195
2021-06-22 08:58:45,20153460,19444717,1860085,531193,87067,774,76952,1382458,17398644
2021-06-23 00:00:46,20207582,19471461,1867137,531950,87073,774,76985,1385818,17445003
2021-06-24 00:00:48,20293984,19512302,1873252,532981,87077,781,77052,1389652,17520091
2021-06-25 00:00:47,20380382,19572699,1884120,535229,87090,782,77204,1396386,17591454
2021-06-26 00:00:22,20466758,19608664,1887864,536310,87094,784,77260,1399277,17670518
2021-06-27 00:00:16,20553151,19616039,1888299,536458,87096,784,77276,1399441,17756129
2021-06-28 00:00:30,20639566,19652051,1891914,537144,87099,785,77318,1401242,17835011
2021-06-29 00:00:22,20725957,19715015,1899891,539311,87124,786,77443,1406940,17909324
2021-06-30 00:00:39,20811937,19761895,1908993,540418,87136,788,77509,1411918,17984470
2021-07-01 09:05:52,20931050,19784362,1913423,541154,87143,788,77554,1413485,18098267
2021-07-02 00:00:53,20984751,19862354,1917451,543162,87155,789,77699,1419298,18136677
2021-07-03 08:38:24,21014054,19866526,1917788,543284,87159,789,77704,1419493,18253317
2021-07-03 12:25:41,21026953,19873280,1918687,543499,87160,790,77719,1420383,18263732
2021-07-04 00:00:19,21068630,19971006,1921524,545912,87213,792,77937,1430082,18289348
2021-07-05 09:21:11,21188682,20009340,1923181,546669,87217,792,77989,1435218,18401370
2021-07-06 07:50:25,21269636,20108394,1935151,550743,87246,794,78465,1447272,18431912
2021-07-07 00:00:25,21327836,20185610,1941966,553348,87260,795,78764,1455386,18502660
2021-07-08 00:00:44,21414255,20236219,1947602,555025,87261,796,78921,1462887,18576301
2021-07-09 15:55:39,21557950,20257532,1948947,555741,87266,796,78970,1464428,18717112
2021-07-10 00:04:59,21587310,20261796,1948949,555817,87266,796,78976,1464605,18745877
2021-07-11 00:31:50,21658819,20277349,1949248,555979,87266,797,78979,1465130,18829075
2021-07-12 00:00:28,21743337,20309741,1949276,556079,87266,797,78982,1465467,18905095
2021-07-13 08:11:55,21829837,20400102,1955773,558074,87276,807,79076,1471592,18935756
2021-07-14 00:00:55,21886778,20494271,1962656,561244,87659,815,79570,1482838,19009028
2021-07-15 09:01:05,22005588,20564195,1967522,563289,87675,819,79783,1489406,19059988
2021-07-16 01:31:59,22065041,20623306,1976336,566798,87720,819,80032,1493700,19149231
2021-07-17 00:00:41,22145836,20672008,1984720,568414,87730,820,80130,1498166,19218621
2021-07-18 06:58:16,22257291,20673174,1984726,568454,87731,820,80135,1498212,19284281
2021-07-19 08:35:13,22349508,20675639,1984859,568504,87731,821,80137,1498330,19359728
2021-07-20 00:00:50,22405045,20717371,1988030,569923,87740,844,80198,1501206,19467808
2021-07-21 08:54:21,22523456,20769646,1993959,571851,87769,847,80370,1505015,19501912
2021-07-22 08:00:58,22606654,20830779,2001308,574154,87773,852,80533,1511190,19573512
2021-07-24 08:44:48,22782083,20886471,2005946,576212,87790,856,80669,1514907,19656773
2021-07-25 00:00:51,22837047,20962692,2007647,576873,87796,856,80745,1515864,19699869
2021-07-26 10:53:18,22962594,21104051,2011385,579398,89365,856,81668,1516381,19759639
2021-07-27 10:19:09,23046944,21131610,2012675,580090,89370,862,81794,1517488,19856506
2021-07-28 08:30:28,23126823,21153000,2013677,580670,89375,868,81830,1519053,19970509
2021-07-29 09:17:02,23216018,21173004,2014470,581308,89375,870,81884,1521846,20002647
2021-07-30 00:00:11,23269006,21186428,2014785,581761,89390,871,81930,1522665,20103593
2021-07-31 11:52:00,23398115,21200975,2015708,582090,89392,878,81950,1523600,20177828
2021-08-01 00:00:24,23419618,21205140,2015877,582198,89392,879,81954,1523836,20271237
2021-08-02 09:34:14,23540448,21245169,2016014,582342,89392,885,81972,1524093,20386505
2021-08-03 08:23:51,23622625,21266765,2016340,582699,89392,887,81997,1528486,20429615
2021-08-04 00:00:58,23678852,21335537,2018005,584492,89903,892,82351,1530632,20512063
2021-08-05 09:17:06,23680898,21337389,2018174,584523,89903,892,82352,1530799,20512756
2021-08-06 00:50:10,23720461,21357988,2023297,585029,89908,900,82374,1534018,20546270
2021-08-07 09:52:03,23839374,21469041,2027900,587379,90661,904,83026,1537176,20607245
2021-08-09 10:21:45,23884940,21477730,2028126,587593,90662,907,83032,1537735,20685972
2021-08-10 08:59:06,23966380,21483885,2028401,587800,90662,908,83039,1538474,20717567
2021-08-11 00:00:26,24020460,21527187,2029424,588428,90663,913,83109,1541762,20810483
2021-08-12 10:12:59,24143463,21557634,2031025,588941,90674,914,83132,1543648,20877693
2021-08-13 09:09:54,24226077,21620066,2031196,589078,90675,916,83143,1544238,20963177
2021-08-14 00:00:17,24279501,21622492,2031203,589082,90675,916,83143,1544238,21049473
2021-08-17 09:24:51,24572575,21625473,2031205,589093,90675,916,83144,1544240,21342519
2021-08-18 11:29:50,24597693,21646733,2031470,589288,90676,916,83161,1544980,21363702
2021-08-19 08:35:11,24673613,21651696,2031548,589433,90677,917,83171,1545461,21389647
2021-08-21 17:06:12,24728541,21666750,2031754,589637,90677,919,83182,1546240,21637978
2021-08-22 02:24:22,24762031,21671815,2031798,589753,90677,925,83185,1546486,21670522
2021-08-23 09:03:12,24872361,21730716,2037330,590107,90686,925,83218,1547014,21713017
2021-08-24 09:29:56,24960364,21770383,2038293,590697,90691,936,83245,1549153,21815307
2021-08-25 10:24:51,25050059,21798785,2038480,591005,90691,939,83250,1551047,21935252
2021-08-26 00:00:55,25099024,21844860,2039109,591636,91186,939,83395,1551612,21980536
2021-08-27 12:04:36,25101450,21848132,2039262,591659,91186,939,83397,1551635,21982377
2021-08-28 22:34:56,25225670,21849296,2039305,591690,91186,939,83398,1551665,22009587
2021-08-29 00:00:56,25230830,21877696,2039324,591697,91186,939,83398,1551665,22107076
2021-08-30 08:44:49,25348662,21896258,2039347,591733,91186,940,83399,1552014,22111829
2021-08-31 00:00:52,25403625,21908952,2039429,592012,91186,940,83420,1552745,22273274
2021-09-01 12:25:22,25534695,21931973,2040155,592352,91186,942,83439,1553083,22335400
2021-09-02 00:00:23,25576397,21943805,2041041,592783,91188,942,83467,1553448,22374721
2021-09-03 00:00:38,25662812,21967167,2041104,592848,91188,942,83469,1553478,22457415
2021-09-04 14:34:18,25801631,21977211,2041234,592982,91188,942,83486,1553692,22532417
2021-09-12 23:23:55,25801642,21977424,2041234,592988,91188,942,83486,1553692,22532417
2021-09-17 10:52:49,25802510,21978848,2041305,593011,91188,942,83486,1553692,22532749
2021-09-18 23:30:17,25841623,21989652,2041542,593305,91197,942,83505,1554674,22569476
2021-09-29 22:07:09,25842044,21992428,2041618,593387,91200,947,83513,1554847,22737014
2021-10-04 10:13:43,25847453,21995710,2041787,593391,91214,947,83518,1554847,22742083
2021-10-05 00:00:45,25897075,22000751,2041811,593466,91215,948,83523,1554916,22790520
2021-10-06 00:00:45,25983475,22035230,2041855,593581,91215,950,83526,1555315,22868151
2021-10-07 00:00:45,26069875,22054261,2041922,593730,91215,951,83530,1555758,22950813
2021-10-08 09:37:32,26190881,22054335,2041922,593733,91215,951,83530,1555758,22958695
2021-10-15 16:02:34,26203469,22057106,2041925,593751,91215,951,83530,1555759,23699545
2021-10-16 00:00:34,26232149,22096862,2045441,594584,91244,954,83575,1556676,23720190
2021-10-17 00:00:51,26318565,22171693,2047347,595339,91310,959,83633,1558613,23793231
2021-10-18 12:13:57,26344066,22172099,2047347,595343,91310,959,83633,1558613,23904686
2021-10-19 09:12:08,26419502,22188003,2047606,595620,91326,959,83673,1558830,23927584
2021-10-20 00:00:04,26472662,22241845,2051327,597498,91436,965,83828,1563263,24020188
2021-10-21 00:00:40,26559098,22242803,2051391,597514,91436,965,83828,1563265,24106532
2021-10-22 10:05:26,26681785,22301351,2051873,597799,91448,967,83845,1564000,24162171
2021-10-23 09:56:35,26767654,22309748,2051912,598048,91454,968,83881,1564650,24266438
2021-10-24 23:23:27,26783992,22332750,2052277,598516,91488,969,83922,1565797,24317679
2021-10-25 00:00:27,26786211,22332750,2052282,598516,91488,969,83922,1565797,24319732
2021-10-26 00:36:18,26874762,22344454,2052917,598749,91503,971,83937,1566630,24385591
2021-10-27 00:00:17,26959002,22357383,2052981,598927,91505,974,83949,1566988,24489113
2021-10-28 00:00:57,27045442,22401935,2056920,600426,91530,983,84097,1575380,24564455
2021-10-29 14:42:03,27184708,22462513,2060579,601679,91630,983,84626,1575934,24569169
2021-10-31 19:19:29,27374154,22509153,2062430,602438,91637,988,84701,1581621,24713177
2021-11-02 09:49:20,27386699,22551194,2062435,602449,91637,988,84701,1581621,25011431
2021-11-03 08:23:36,27467955,22650943,2064104,603802,92654,989,85233,1582860,25042613
2021-11-06 18:10:07,27520926,22709353,2066383,605446,92673,993,85376,1590755,25130740
2021-11-07 00:00:10,27541928,22728202,2066409,605589,92676,993,85378,1591805,25148360
2021-11-08 10:15:05,27665223,22771756,2068601,606432,92751,995,85668,1593474,25153026
2021-11-09 00:45:46,27717465,22778270,2068727,606514,92751,995,85669,1593826,25287395
2021-11-10 09:31:50,27835429,22791281,2069079,606735,92755,996,85686,1594337,25334803
2021-11-11 02:13:33,27895531,22860472,2072485,608824,92801,1019,85920,1607583,25442944
2021-11-12 12:51:42,28020015,22874688,2073254,609355,92810,1027,85989,1609884,25515393
2021-11-13 00:00:54,28060095,22906645,2075615,610651,92849,1037,86081,1612026,25601085
2021-11-14 12:59:05,28193186,22908880,2075615,610659,92849,1037,86081,1612026,25678210
2021-11-15 08:52:46,28264806,22911625,2075624,610680,92849,1037,86082,1612038,25734883
2021-11-16 00:00:05,28319176,22974079,2083264,613105,92865,1049,86386,1621361,25844590
2021-11-17 00:00:04,28405575,22992734,2083296,613169,92865,1049,86386,1621472,25926970
2021-11-19 00:41:58,28580890,23016663,2084085,613490,92869,1055,86400,1622515,25993337
2021-11-20 00:00:07,28664778,23029967,2084353,613762,92872,1061,86425,1624024,26177850
2021-11-22 19:16:13,28666745,23030571,2084353,613765,92872,1061,86425,1624024,26179728
2021-11-23 00:00:13,28683785,23072443,2089983,615215,92892,1068,86605,1632218,26187741
2021-11-24 09:45:33,28743405,23097404,2092390,615657,92895,1070,86645,1637209,26241146
2021-11-24 19:52:11,28774184,23140490,2105615,617776,92906,1075,86971,1647753,26257036
2021-11-25 00:00:10,28789063,23163551,2115665,618815,92922,1081,87094,1652151,26264627
2021-11-27 17:50:16,28790235,23165752,2115895,618929,92925,1081,87101,1652346,26265015
2021-11-28 00:00:16,28812434,23240878,2120261,620040,92958,1100,87197,1662191,26269735
2021-11-29 00:00:12,28898831,23292966,2125942,621410,93034,1107,87423,1665502,26347246
2021-12-01 07:14:12,29097671,23302073,2126864,621428,93040,1107,87423,1665587,26347475
2021-12-02 18:17:10,29223849,23333246,2130419,622352,93054,1111,87571,1670486,26584470
2021-12-03 00:00:10,29244429,23382943,2135549,623269,93056,1111,87725,1673022,26674069
2021-12-04 18:18:21,29396720,23396183,2136231,623600,93058,1115,87751,1674748,26745174
2021-12-05 12:30:09,29462228,23401940,2136239,623643,93059,1115,87755,1674754,26888518
2021-12-06 00:00:10,29503629,23456681,2138332,628997,93294,1116,89547,1675144,26923193
2021-12-07 08:58:40,29622338,23519871,2142046,631912,93410,1117,90329,1678544,27032437
2021-12-08 03:29:13,29688971,23549016,2143211,634403,93635,1119,91260,1679182,27095910
2021-12-09 08:50:58,29794677,23581307,2144099,637644,93884,1119,92543,1679317,27198945
2021-12-10 10:31:40,29887119,23597846,2144483,637835,93885,1120,92562,1679789,27231582
2021-12-11 00:00:41,29935660,23607448,2144790,638727,93962,1120,92886,1679859,27336362
2021-12-12 10:47:17,30060855,23609066,2144790,638730,93962,1120,92886,1679859,27336417
2021-12-13 00:00:17,30108436,23671559,2145479,639112,93981,1123,92912,1680786,27496791
2021-12-14 08:26:09,30225188,23756162,2148225,648074,95041,1123,96377,1681033,27556371
2021-12-15 08:48:43,30312942,23756164,2148225,648074,95041,1123,96377,1681033,27611700
2021-12-16 00:00:36,30367655,23790133,2150109,648464,95047,1123,96414,1682035,27739953
2021-12-17 00:00:05,30454024,23829485,2150892,649047,95467,1123,96553,1682492,27824020
2021-12-18 00:00:58,30540477,23851721,2153261,649668,95476,1123,96587,1683595,27905974
2021-12-20 11:08:17,30591497,23878996,2157610,650412,95478,1123,96608,1686415,27949965
2021-12-21 09:17:46,30671266,23885701,2157663,650748,95478,1123,96668,1686783,28028185
2021-12-22 00:00:46,30724246,23936656,2160040,651060,95482,1124,96686,1687880,28071790
2021-12-23 06:05:34,30832534,24025246,2162891,660322,96849,1124,100443,1690136,28167161
2021-12-24 00:00:34,30897034,24097746,2165583,663953,97570,1126,101964,1692912,28218659
2021-12-25 04:23:20,30999200,24175309,2168231,675642,99604,1127,107450,1693414,28312277
2021-12-26 00:00:21,31069821,24223283,2169659,676054,99604,1128,107474,1694618,28373766
2021-12-27 17:24:46,31218886,24226355,2169661,676127,99605,1128,107478,1695179,28522109
2021-12-28 19:53:10,31314190,24271421,2178082,677904,99622,1131,107702,1699703,28606214
2021-12-29 00:00:09,31329009,24410408,2179471,680096,101389,1131,108472,1700193,28615696
2021-12-30 00:00:23,31415423,24427951,2179610,680207,101389,1132,108476,1700648,28699427
2021-12-31 00:00:41,31501841,24545215,2181164,681725,102546,1132,109099,1701068,28779755
2022-01-03 09:11:39,31549015,24637739,2183406,683093,103712,1133,109549,1701831,29067072
2022-01-04 00:00:04,31599741,24700574,2186981,690722,105614,1135,113135,1703447,29107856
2022-01-05 00:00:31,31686168,24856803,2189808,694689,107387,1143,114503,1706154,29178957
2022-01-06 20:43:03,31847120,25101493,2194725,698963,110214,1146,115871,1711095,29243740
2022-01-07 00:10:43,31859579,25226901,2196163,700711,111770,1146,116634,1711382,29328730
2022-01-08 00:00:41,31945378,25243579,2196262,700757,111770,1146,116636,1711452,29416741
2022-01-10 09:05:18,32150855,25243713,2196262,700758,111770,1146,116636,1711452,29613799
2022-01-11 11:11:50,32244847,25252364,2196421,700953,111773,1149,116649,1712260,29646169
2022-01-12 00:00:37,32290973,25299635,2197285,701733,111782,1153,116684,1714635,29721063
2022-01-13 09:31:43,32411512,25313769,2197603,702092,111795,1153,116716,1716629,29785392
2022-01-14 12:30:12,32366959,25313769,2197603,702092,111795,1153,116716,1716629,29781774
2022-01-15 17:55:50,32472897,25384530,2199535,703204,112796,1156,117111,1716816,29877751
2022-01-16 06:54:52,32519638,25390053,2199538,703305,112796,1156,117131,1717094,29882126
2022-01-17 19:05:53,32649899,25406105,2199773,703691,112801,1156,117157,1717627,29979841
2022-01-18 19:51:50,32739056,25545110,2201617,705868,114626,1158,118016,1718616,30060554
2022-01-20 23:36:43,32739216,25545507,2201617,705872,114626,1158,118016,1718616,30320414
2022-01-21 00:00:43,32740656,25558693,2202060,707458,115028,1158,118759,1718645,30320497
2022-01-22 00:00:28,32786582,25608460,2203456,712819,116914,1158,121613,1719464,30400453
2022-01-23 00:00:00,32872954,25906632,2209652,718774,121197,1164,124382,1721638,30464630
2022-01-24 00:06:48,32959762,26049648,2215949,725553,124374,1173,127318,1725937,30523797
2022-01-26 17:21:54,33194668,26067057,2216144,725730,124376,1175,127326,1727114,30601188
2022-01-27 08:57:18,33250792,26092669,2216191,725860,124377,1175,127328,1728085,30808051
2022-01-28 09:14:19,33338213,26114108,2216880,726387,124379,1177,127352,1730399,30836474
2022-01-29 12:18:18,33435652,26133050,2217419,726745,124389,1178,127373,1731656,30985478
2022-01-31 09:26:19,33598133,26141377,2220022,727098,124391,1178,127403,1732219,31145523
2022-02-01 10:41:33,33689047,26269387,2221259,729124,125897,1180,128049,1734268,31188112
2022-02-02 09:40:18,33771772,26276673,2221259,729124,125897,1180,128049,1734268,31196055
2022-02-03 10:27:28,33861002,26296001,2221723,729443,125903,1180,128080,1734964,31226460
2022-02-04 15:27:14,33965388,26312505,2226779,729866,125904,1180,128103,1736987,31255373
2022-02-05 01:24:00,34001194,26320520,2226963,730093,125904,1180,128113,1737545,31269586
2022-02-06 09:15:21,34115712,26374518,2227442,730406,125907,1193,128126,1739723,31292232
2022-02-07 08:51:39,34200689,26407920,2229258,731052,126380,1194,128288,1742968,31303288
2022-02-09 11:44:35,34383865,26408229,2229258,731059,126380,1194,128288,1742979,31315810
2022-02-12 15:20:03,34387405,26408228,2229260,731059,126380,1194,128288,1742979,31486064
2022-02-13 00:00:43,34418645,26589559,2231194,733220,128432,1195,129216,1743166,31504096
2022-02-16 14:56:35,34436796,26589640,2231194,733223,128432,1195,129216,1743166,31522238
2022-02-18 08:50:36,34587636,26611031,2232771,733478,128434,1195,129236,1743635,31548380
2022-03-06 09:44:54,34631825,26612619,2232773,733512,128434,1195,129236,1743676,31712681
2022-03-09 14:13:03,34907113,26650990,2235771,735185,128470,1196,129287,1748482,31968341
2022-03-10 00:00:54,34942385,26672981,2236667,735499,128474,1197,129294,1749195,31999244
2022-03-11 07:09:44,35054380,26720651,2243289,736666,128478,1199,129367,1753114,32045406
2022-03-20 22:54:23,35055343,26724119,2243361,736728,128483,1199,129368,1753426,32045508
2022-03-21 00:00:30,35059309,26751298,2243394,736796,128485,1199,129372,1753569,32046858
2022-03-23 15:21:53,35059639,26754138,2243418,736832,128487,1199,129374,1753840,32046923
2022-03-23 18:22:22,35064140,26758356,2243482,736989,128488,1201,129382,1754556,32050168
2022-03-24 00:00:22,35084419,26786017,2249480,737387,128495,1206,129405,1757222,32063842
2022-03-25 08:41:25,35202082,26826922,2254911,738398,128509,1206,129478,1760484,32112382
2022-03-26 16:11:39,35315496,26897548,2259784,740353,128937,1214,129719,1765008,32214791
2022-03-27 00:00:39,35343636,26937108,2260054,740721,128948,1232,129738,1766987,32234729
2022-03-31 23:07:37,35345338,26937669,2260054,740726,128949,1232,129738,1766987,32663402
2022-04-01 00:00:40,35348521,26948100,2260293,740815,128950,1232,129745,1767192,32664647
2022-04-06 11:33:30,35822091,26950857,2260305,740872,128952,1233,129751,1767253,33137567
2022-04-07 00:00:33,35866913,26975949,2261424,741381,128962,1242,129775,1768797,33177022
2022-04-10 03:54:05,36140126,26976426,2261426,741387,128962,1242,129775,1768797,33256665
2022-04-12 16:25:32,36358013,26979220,2261459,741460,128966,1242,129775,1769247,33521645
2022-04-13 00:00:38,36385319,26980435,2261459,741460,128966,1242,129775,1769247,33694473
2022-04-14 00:00:31,36471712,26995509,2261754,742736,129540,1242,130498,1769615,33778930
2022-04-15 00:43:31,36560564,26997094,2261760,742785,129541,1242,130503,1769647,33788346
2022-04-18 13:32:51,36865924,26999089,2261761,742785,129541,1242,130503,1769647,33797173
2022-04-19 12:02:15,36946887,27012488,2263288,743189,129556,1243,130527,1770146,33806461
2022-04-20 14:02:18,37040490,27097284,2266939,744749,130600,1243,131042,1771270,33887087
2022-04-21 00:00:49,37076401,27134650,2271437,746015,130627,1243,131153,1774618,33989168
2022-04-22 08:59:51,37195144,27157462,2272156,746271,130640,1245,131166,1775347,34104454
2022-04-25 21:41:58,37500070,27255620,2280272,748857,131321,1252,131603,1782366,34391070
2022-04-26 22:56:15,37590928,27272225,2284715,749398,131330,1258,131643,1784021,34392395
2022-04-27 10:20:29,37631981,27280097,2287357,749772,131332,1258,131668,1784523,34479334
2022-04-28 13:02:48,37728120,27299543,2291818,750401,131340,1259,131719,1786695,34548962
2022-04-29 09:52:59,37803132,27309302,2291820,750435,131341,1259,131723,1786803,34622435
2022-05-02 14:57:52,37822019,27335287,2306210,751350,131347,1259,131785,1789212,34633133
2022-05-03 07:29:00,37881487,27336316,2306335,751372,131347,1259,131787,1789230,34692063
2022-05-04 11:53:12,37983739,27383903,2316911,753140,131374,1273,131901,1793752,34710260
2022-05-04 20:54:17,37986858,27385477,2319058,753200,131374,1273,131907,1793837,34712071
2022-05-05 00:00:17,37998018,27392529,2322343,753419,131374,1275,131920,1794506,34720522
2022-05-14 02:45:02,38005260,27402235,2325530,753854,131385,1278,131977,1795136,34725367
2022-05-16 12:08:44,38211882,27402235,2325530,753854,131385,1278,131977,1795136,34728927
2022-05-17 10:04:50,38290847,27418829,2325614,753982,131385,1279,131978,1795833,34781710
2022-05-18 09:34:16,38375414,27444622,2330214,754684,131388,1284,132028,1799794,34857865
2022-05-19 17:56:01,38427060,27483086,2339790,755949,131395,1289,132085,1801996,34901063
2022-05-20 00:00:47,38448945,27526273,2343592,756939,131493,1295,132306,1803113,34907571
2022-05-23 10:20:57,38530662,27839787,2346750,761506,132259,1349,132739,1809732,34965053
2022-05-24 17:59:35,38644580,27919583,2351932,762772,132469,1363,132848,1812369,34985192
2022-05-25 00:00:48,38666252,27946471,2353588,764861,133292,1363,133917,1812957,35066596
2022-05-26 09:57:54,38755709,27987533,2354940,767922,134053,1364,135028,1814402,35152022
2022-05-27 00:00:29,38806264,28010686,2355712,768178,134055,1365,135044,1815378,35180014
2022-05-28 15:12:10,38947365,28029448,2357017,768751,134064,1375,135074,1817243,35318289
2022-05-30 12:00:07,39108642,28121509,2357296,769932,134375,1404,135218,1820492,35336649
2022-05-31 10:21:18,39189113,28140016,2360191,770492,134380,1421,135249,1823272,35496299
2022-06-02 08:47:58,39356313,28182224,2366314,771755,134403,1427,135328,1827310,35701188
2022-06-03 09:25:21,39444956,28198641,2373209,772350,134427,1428,135362,1828712,35735632
2022-06-04 16:06:04,39484624,28223080,2376403,773366,134443,1429,135445,1829620,35820428
2022-06-05 17:21:46,39575566,28239799,2377640,773996,134513,1432,135593,1830664,35834316
2022-06-06 13:45:37,39648996,28250215,2378605,774297,134514,1432,135613,1831311,35912318
2022-06-07 04:20:36,39701496,28258352,2378620,774451,134515,1433,135625,1831797,36010093
2022-06-08 09:36:21,39806840,28268073,2378743,774624,134515,1435,135630,1832655,36077928
2022-06-09 11:52:08,39901387,28305378,2383020,775513,134525,1439,135691,1833682,36173656
2022-06-10 00:00:10,39945070,28367885,2389571,778642,135133,1446,136834,1835676,36251742
2022-06-11 19:40:41,40102300,28440164,2391689,779652,135340,1457,136960,1838386,36300738
2022-06-12 00:00:40,40117900,28495032,2394974,784959,136588,1458,139420,1840536,36408960
2022-06-13 15:00:43,40258302,28495107,2394974,784963,136588,1458,139420,1840536,36411532
2022-06-14 08:59:58,40323058,28509638,2395624,785249,136589,1464,139425,1842377,36574841
2022-06-15 00:00:59,40377119,28519934,2396353,785499,136599,1464,139440,1843031,36662909
2022-06-16 07:08:26,40489166,28539621,2398818,786116,136622,1466,139469,1844726,36741319
2022-06-17 18:33:12,40616651,28555207,2403991,786737,136644,1467,139505,1845739,36810387
2022-06-19 18:52:45,40629241,28557880,2403991,786738,136644,1467,139505,1845739,36901933
2022-06-20 15:02:26,40701821,28592971,2405613,787357,136703,1480,139567,1847095,36971196
2022-06-21 00:00:00,40734075,28601743,2408594,787584,136706,1480,139577,1847704,37000827
2022-06-22 10:08:35,40856919,28663008,2416618,789289,136738,1486,139635,1855697,37066767
2022-06-23 00:00:17,40906821,28739127,2436630,792386,136787,1494,139790,1861352,37140146
2022-06-25 12:56:36,41126200,28742180,2436636,792444,136788,1495,139794,1861415,37215963
2022-06-25 16:02:27,41129681,28748960,2438348,792802,136790,1495,139819,1862416,37217038
2022-06-26 10:33:19,41196333,28832518,2452846,796272,136837,1501,140092,1870616,37228735
2022-06-27 09:26:09,41278703,28893319,2466732,797554,136884,1502,140196,1876982,37284834
2022-06-28 00:00:56,41296035,28905830,2469886,797966,136916,1504,140210,1878056,37347975
2022-06-29 09:11:41,41415480,28941725,2475011,798664,136924,1506,140252,1882052,37458029
2022-06-30 13:25:26,41517105,28968695,2477120,799507,136932,1510,140295,1884143,37553694
2022-07-01 08:53:07,41587166,28969925,2477124,799568,136934,1510,140297,1884144,37578936
2022-07-03 16:01:52,41785691,28985952,2481594,800192,136941,1510,140330,1884892,37630042
2022-07-04 11:00:41,41854020,29030194,2489259,801490,136989,1516,140418,1889150,37834503
2022-07-05 10:25:18,41938297,29049064,2493784,802091,136999,1520,140463,1891191,37953559
2022-07-06 00:37:13,41989338,29054842,2494143,802287,137000,1520,140473,1892208,37981861
2022-07-07 09:17:58,42106983,29054957,2494143,802288,137000,1520,140473,1892208,37981861
2022-07-08 00:25:54,42161459,29069696,2495318,802601,137006,1521,140486,1893202,38143557
2022-07-11 09:54:37,42454781,29118097,2495604,802771,137006,1522,140498,1893709,38436016
2022-07-12 00:00:39,42505543,29122829,2495659,802846,137007,1524,140501,1893916,38486175
2022-07-13 02:00:19,42599124,29162746,2499120,803846,137014,1560,140565,1897514,38555830
2022-07-14 00:00:55,42678360,29216026,2506522,805316,137028,1576,140642,1903376,38619676
2022-07-14 16:14:20,42729319,29223993,2506588,805381,137028,1577,140642,1903726,38668276
2022-07-15 11:43:37,42799367,29328295,2509208,807315,138237,1579,141195,1905759,38682472
2022-07-15 22:03:05,42836447,29595440,2517215,812073,141066,1583,142335,1912440,38742144
2022-07-16 00:00:05,42843467,29635038,2518656,812625,141114,1584,142525,1913189,38743723
2022-07-18 15:00:54,43070315,29714345,2521287,813990,141917,1584,143060,1913624,38965545
2022-07-19 00:18:01,43103743,29744176,2522903,814817,141921,1587,143101,1915306,38988679
2022-07-20 00:00:26,43189088,29922821,2533763,817266,142986,1594,143536,1919487,39061704
2022-07-21 10:52:53,43314635,29949576,2540060,817266,142986,1594,143536,1919487,39129908
2022-07-22 00:00:14,43361876,29976630,2548904,817266,142986,1594,143536,1919487,39218286
2022-07-23 08:37:17,43479298,30041652,2554369,817266,142986,1594,143536,1919487,39320787
2022-07-24 10:35:42,43548845,30083005,2557463,817728,143007,1595,143669,1920136,39383840
2022-07-25 09:46:25,43632288,30184285,2566730,819844,143901,1602,144095,1923711,39456150
2022-07-26 10:12:41,43720263,30233682,2577381,821876,143933,1616,144234,1928539,39480322
2022-07-27 08:02:58,43798881,30250481,2579973,822455,143954,1622,144257,1929913,39606022
2022-07-28 10:59:05,43895848,30298478,2587002,824260,143996,1629,144362,1935571,39635488
2022-08-09 06:40:14,43938883,30399482,2590140,825836,145220,1633,144983,1936667,39724481
2022-08-10 00:00:49,44001151,30484702,2597150,827390,145230,1640,145102,1942097,39772573
2022-08-11 08:49:53,44119294,30548568,2602713,828992,145285,1652,145240,1946343,39848078
2022-08-11 13:47:16,44133573,30579179,2613999,830176,145319,1655,145335,1951602,39851875
2022-08-12 00:00:22,44170359,30629139,2623973,832092,145349,1659,145465,1957163,39874628
2022-08-14 19:28:10,44413227,30667123,2632097,833714,145396,1667,145622,1963842,39930310
2022-08-15 09:36:26,44464123,30690901,2632229,833795,145396,1667,145622,1963965,40113791
2022-08-16 09:56:21,44551718,30754373,2641874,836570,145406,1672,145796,1974447,40220727
2022-08-17 00:00:20,44602273,30814270,2647629,838934,145506,1678,146039,1979401,40254616
2022-08-18 00:00:25,44688679,30871260,2662309,840925,145560,1683,146170,1983599,40325229
2022-08-19 09:02:49,44807622,30883535,2664307,841345,145564,1684,146212,1984787,40440993
2022-08-20 12:10:58,44905311,30937435,2675742,843312,145582,1687,146374,1991174,40471285
2022-08-22 08:56:19,45066246,31018127,2685659,846601,145604,1691,146596,2001405,40534317
2022-08-23 09:59:51,45156457,31043131,2691673,847285,145617,1695,146622,2004476,40697617
2022-08-24 10:34:34,45244941,31079213,2697151,848374,145782,1698,146740,2005948,40776437
2022-08-25 11:15:35,45333801,31114102,2701927,849915,145792,1701,146896,2008953,40842843
2022-08-25 14:52:28,45346662,31115241,2702137,849939,145792,1701,146897,2009095,40918625
2022-08-26 00:00:59,45379572,31116094,2702145,849955,145792,1701,146897,2009144,40951393
2022-08-28 19:15:10,45621623,31163890,2712352,851477,145820,1710,146956,2015966,41019205
2022-08-29 10:23:21,45676114,31179885,2714473,851834,145822,1713,146965,2017788,41185244
2022-08-30 10:58:49,45764642,31225348,2723632,853191,145834,1719,147068,2023453,41252500
2022-08-31 00:00:50,45811563,31309293,2730773,854889,145846,1726,147202,2030034,41331039
2022-09-01 00:00:36,45891420,31358512,2739598,856057,145858,1729,147255,2032789,41405880
2022-09-03 08:51:08,46062876,31446336,2757264,859252,145903,1736,147490,2040883,41551538
2022-09-05 07:59:32,46232580,31450551,2758378,859415,145904,1736,147496,2041312,41557854
2022-09-06 08:28:01,46320689,31500116,2759292,859872,145910,1737,147542,2041901,41608568
2022-09-07 09:13:38,46409825,31532347,2768366,860897,145922,1740,147618,2044418,41721668
2022-09-08 12:45:47,46508955,31599886,2781628,862699,145944,1743,147747,2050827,41804036
2022-09-09 00:00:48,46549455,31618757,2784243,863209,145945,1745,147763,2052844,41838532
2022-09-10 13:20:08,46683686,31790688,2804858,867195,159225,1748,153914,2057533,41862482
2022-09-11 19:17:10,46791507,31794234,2804865,867240,159225,1748,153915,2057533,41867666
2022-09-12 10:03:42,46844699,31796869,2804869,867254,159225,1748,153915,2057533,41974386
2022-09-13 00:00:42,46894919,31909266,2824778,870240,165066,1751,156648,2064726,42054611
2022-09-14 08:47:06,47012822,31960252,2832483,871429,167728,1753,157841,2068635,42119011
2022-09-15 09:17:12,47101027,32066396,2848005,873167,167842,1755,158078,2074535,42231627
2022-09-16 09:27:19,47188034,32115863,2858763,874840,167851,1758,158211,2083432,42256849
2022-09-17 22:35:04,47222703,32165863,2868105,876599,167862,1760,158322,2090804,42313537
2022-09-18 00:00:04,47227803,32176473,2869638,876819,167864,1760,158347,2091441,42315795
2022-09-19 09:20:03,47347802,32210600,2872438,877042,167929,1760,158403,2091814,42432116
2022-09-20 11:57:05,47443624,32222701,2875259,877477,167934,1761,158424,2092554,42524358
2022-09-21 00:00:05,47487004,32266031,2884244,879149,167948,1762,158581,2095675,42558093
2022-09-22 09:04:53,47606092,32335990,2893243,880830,172496,1770,160699,2099291,42665123
2022-09-23 08:51:45,47691704,32432135,2904320,882846,172653,1771,160830,2109695,42724430
2022-09-23 10:33:00,47696923,32435655,2905012,882942,172653,1771,160834,2109891,42728387
2022-09-25 21:58:57,47910880,32498804,2914408,887706,173812,1772,162740,2113848,42929429
2022-09-26 08:53:36,47950159,32499498,2914408,887723,173812,1772,162740,2113909,42929922
2022-09-27 09:44:01,48039583,32603939,2925115,898491,177151,1783,167893,2119153,43038245
2022-09-28 09:16:50,48124353,32663016,2935358,900228,177165,1785,168008,2125462,43105421
2022-09-29 11:33:22,48218945,32669588,2936752,900438,177166,1785,168018,2126247,43119119
2022-09-30 08:52:14,48249065,32680834,2937823,900714,177166,1785,168027,2127806,43225851
2022-09-30 10:27:30,48253566,32690029,2938675,901025,177168,1788,168044,2128561,43228332
2022-10-01 00:00:02,48302317,32728349,2947021,903096,177590,1789,168693,2131588,43266020
2022-10-04 10:53:23,48600719,32729891,2947021,903110,177590,1789,168696,2131599,43564398
2022-10-05 10:26:43,48685518,32758535,2955067,904014,177596,1791,168769,2134005,43585869
2022-10-05 16:08:01,48699557,32777176,2958652,904677,177598,1791,168834,2135877,43649343
2022-10-06 00:00:02,3296,12126,1300,528,2,0,63,2351,203
2022-10-07 10:20:20,126914,102846,18975,5231,120,1,732,15957,54993
2022-10-09 19:03:04,331078,112227,19996,5533,124,1,746,17081,97001
2022-10-10 00:00:05,348899,162323,21320,5691,124,1,755,17589,306138
2022-10-11 10:19:55,472395,165281,21320,5705,124,1,755,17962,310796
2022-10-12 08:36:52,552611,244736,33988,7528,157,11,862,24186,454435
2022-10-13 00:00:00,607862,334919,47837,10526,192,21,1042,36833,517806
2022-10-14 09:37:30,728912,456100,59578,12729,1193,23,1625,43291,589110
2022-10-17 15:28:01,1009143,465317,59976,12892,1194,24,1632,43744,903558
2022-10-18 08:46:43,1071267,526063,67839,14861,1276,31,1762,49155,917905
2022-10-19 11:08:11,1166155,573300,76532,16494,1321,32,1864,52821,993337
2022-10-20 10:01:45,1248569,648794,80407,18181,1384,53,1947,58083,1061799
2022-10-23 17:53:21,1536064,705660,87339,20324,1409,65,2154,65693,1131338
2022-10-24 09:25:00,1591964,749641,93261,21769,1502,69,2252,70171,1139798
2022-10-25 15:17:25,1699508,793853,97136,23242,1570,72,2369,74559,1203755
2022-10-26 00:00:25,1730889,858369,105250,25197,1616,83,2506,79096,1287277
2022-10-27 09:06:10,1850034,963240,120064,28167,1813,114,2706,86779,1384700
2022-10-28 09:10:31,1936695,1035663,133097,30987,1849,120,2863,94178,1417849
2022-10-30 09:42:08,2111391,1070364,135797,31989,1860,122,2901,97521,1478595
2022-10-31 08:31:04,2193528,1140838,142477,34042,1924,135,3075,102484,1685778
2022-11-01 15:55:54,2306618,1204361,151297,35995,1933,137,3182,110598,1710704
2022-11-02 00:00:16,2335573,1279221,158540,37063,1965,138,3280,114895,1791988
2022-11-03 00:00:57,2422014,1389148,178014,40472,2235,142,3791,123208,1850616
2022-11-04 00:00:54,2508411,1514967,187828,43436,2311,143,4052,133183,1914235
2022-11-05 13:59:54,2645151,1544390,190698,43638,2411,143,4095,133696,1914361
